Sequence,Name,Source,Label
AVEHGPIIFLPQHVRQFVYVYQDCYSNEPGDLNCTGIP,ShuffleNeg_47,Synthetic,0
TTWEAWDRAIAEYAARIEALIRASQEQQEKNEAELREL,T-290676,DRAMP-Stability,1
RRWWRF,Com1,DRAMP-Stability,1
TGQMVCWR,ShuffleNeg_28,Synthetic,0
TADESCFYYWTYL,ShuffleNeg_44,Synthetic,0
DPMAYCGRVIN,ShuffleNeg_12,Synthetic,0
rwgrwlrkirrwrpk,"All-D-CATH-2(C1-15)(F2,5,12 W）",DRAMP-Stability,1
HWKHDWKPG,"GnRH-III(4Lys(Ac),8Lys(DaudAoa))",DRAMP-Stability,1
ENARLYYEVVYCGPKKEHGLMERQFDKWTSTNEYAIEC,ShuffleNeg_40,Synthetic,0
TTWEAWDRAIAEYAARIEALIRAAQEQQEKNEAALREL,T-2635,DRAMP-Stability,1
GLFDIIAKIAESF,Aurein-1.2 [K7A],DRAMP-Stability,1
GAFDIIKKIAESF,Aurein-1.2 [L2A],DRAMP-Stability,1
RRWQWR,Lfc2,DRAMP-Stability,1
FAMMGFQSFYDSPDYEIMDKSWVNLVKQVDNSTNEAPL,ShuffleNeg_25,Synthetic,0
TTWEAWDRAIAEYAARIEALIRAAQEQQEKLEAVLREL,T-291022,DRAMP-Stability,1
MSGNQNGHPDSYGHNRRMTYLDRYKWMTGKMKGGYVIQ,ShuffleNeg_11,Synthetic,0
NWHKCMMVIWRLDHT,ShuffleNeg_14,Synthetic,0
QGFRGVTQGIKAGPNWLHCYTWKVVFDMQHMHFRIVVM,ShuffleNeg_26,Synthetic,0
RRKIDMHDNWTYIWAMYYTH,ShuffleNeg_2,Synthetic,0
GLFAIIKKIAESF,Aurein-1.2 [D4A],DRAMP-Stability,1
MTWEAWDRAIAEYAARIEALIRAAQEQQEKNEAALREL,T-2544,DRAMP-Stability,1
RRGSVYLYQIKDQ,ShuffleNeg_27,Synthetic,0
DYKMCCCHGFLRQ,ShuffleNeg_9,Synthetic,0
GRCTKSIPPICYPD,cSFTI,DRAMP-Stability,1
TTWEAWDRAIAEYAARIEALIRALQELQEKLEAILREL,T-267229,DRAMP-Stability,1
RWGRWLRKIRRWRPK ,"Cyclic-CATH-2(C1-15)( F2,5,12 W)",DRAMP-Stability,1
GLFDAIKKIAESF,Aurein-1.2 [I5A],DRAMP-Stability,1
SHKLVIRFTQYFQ,ShuffleNeg_20,Synthetic,0
TTWEAWDRAIAEYAARIEALIRAAQELQEKNEAALREL,T-267226,DRAMP-Stability,1
EQEGWQHIQATIIG,ShuffleNeg_24,Synthetic,0
glrrllrkirgrwkGGGRGGRLCYCRRRFCVCVGR,synPG-1,DRAMP-Stability,1
NQNNMGKDQGLLWWNKHGYMIHDTGCIHAKHCIHQWRLI,ShuffleNeg_35,Synthetic,0
MTWMEWDREINNYTSLIHSLIEESQNQQEKNEQELLEL,T-2410,DRAMP-Stability,1
FHMGYWQKNFKSIMH,ShuffleNeg_0,Synthetic,0
RCHHGHDTFGEWH,ShuffleNeg_42,Synthetic,0
rfgrflrkirrfrpk,All-D-CATH-2(C1-15,DRAMP-Stability,1
FLQHIIGALSHFF, Temporin-GHd,DRAMP-Stability,1
CRRWWRFC,Com6,DRAMP-Stability,1
LWGLLGWHPSAFPRGESVRKIHQWTEIYDPSTVDESMW,ShuffleNeg_51,Synthetic,0
LCRMYEFPGGSDTWLPYVPWYNPERFQECFISRVMQRS,ShuffleNeg_23,Synthetic,0
FLQHIIGALTHIF, Temporin-GHc,DRAMP-Stability,1
NAYPNLRGDLQVLAQKVARTK,A20FMDV2,DRAMP-Stability,1
TTWEAWDRAIAEYAARIEALIRALQEQQEKNEAILREL,T-267225,DRAMP-Stability,1
FWQKLFWLIRLNL,ShuffleNeg_3,Synthetic,0
QMRRKVELFTYMRFD,SP40,DRAMP-Stability,1
WQEWEQKITALLEQAQIQQEKNEYELQKLDKWASLWEWF,T-1249,DRAMP-Stability,1
GLADIIKKIAESF,Aurein-1.2 [F3A],DRAMP-Stability,1
CFHHAY,ShuffleNeg_13,Synthetic,0
HKCLDCLGRKLEFANRKLKQTCFTADDQCWGIWWAPKA,ShuffleNeg_17,Synthetic,0
RFGRFLRKIRRFRPK ,CATH-2(C1-15),DRAMP-Stability,1
TTWEAWDRAIAEYAARIEALIRALQELQEKNEAALREL,T-290822,DRAMP-Stability,1
KSRSGFTGQLQGNQHCMMRLWNFANASHCETHMKQYWF,ShuffleNeg_32,Synthetic,0
MQWAHETNAFKTITTKATWGWWDPDWRPFEHPIARLAN,ShuffleNeg_37,Synthetic,0
MWQRPSSWIEGRLLTHTISRIAVSYQTKVNLL,RMP-16 (Recombinant slow-release TNF α-derived peptide),DRAMP-Stability,1
IWRAHVKI,ShuffleNeg_16,Synthetic,0
GLFDIIKKAAESF,Aurein-1.2 [I9A],DRAMP-Stability,1
TTWEAWDRAIAEYAARIEALIRAAQEQQEKNEAILREL,T-267209,DRAMP-Stability,1
LLTHTISRIAVSYQTKVNLL,P16 [TNF α (75–94)],DRAMP-Stability,1
CRRWQWRMKKLGC,Lfc9,DRAMP-Stability,1
TTWEAWDRAIAEYAARIEALIRAAQEQQEKLEAALREL,T-267227,DRAMP-Stability,1
FIHHIIGALGHLF, Temporin-GHb,DRAMP-Stability,1
MTWMEWDREINNYTSLIHSLIEESQNQQEKNEQELL,T-651,DRAMP-Stability,1
TWLMYHRNYWNHFVN,ShuffleNeg_45,Synthetic,0
aRRWRIVVIRVRRh,Sub3-D,DRAMP-Stability,1
CVEMPSCSWNDHL,ShuffleNeg_15,Synthetic,0
TEYDKFLPGAFIL,ShuffleNeg_50,Synthetic,0
INLMPLITRPRCKARNYARYTVFREYDHCCQTQILEYW,ShuffleNeg_31,Synthetic,0
GEVYNIPARQIMANNFKCWMYHSQRGQSHIQLSNEFVS,ShuffleNeg_1,Synthetic,0
GLFDIIKKIAASF,Aurein-1.2 [E11A],DRAMP-Stability,1
SMSAKAPENGTYHNL,ShuffleNeg_48,Synthetic,0
GLFDIAKKIAESF,Aurein-1.2 [I6A],DRAMP-Stability,1
TCLPWF,ShuffleNeg_19,Synthetic,0
YVIEWLDTICSGWQFWLGMIRQTEVHAIFIRT,ShuffleNeg_8,Synthetic,0
EPGAKYLEPAFPRYP,ShuffleNeg_52,Synthetic,0
ILSPKSRTIPPICKK,ShuffleNeg_30,Synthetic,0
ALFDIIKKIAESF,Aurein-1.2 [G1A],DRAMP-Stability,1
GWRQVWGMRRYVYLTCVFVTNIEIMSWIHPWVREHDVS,ShuffleNeg_5,Synthetic,0
GLFDIIKAIAESF,Aurein-1.2 [K8A],DRAMP-Stability,1
WWIFIWQWRSMIHCR,ShuffleNeg_38,Synthetic,0
PQDEIYLTTPRSA,ShuffleNeg_4,Synthetic,0
NVHWLRGDTIFFV,ShuffleNeg_22,Synthetic,0
HWSHDWKPG,"GnRH-III(4Ser,8Lys (DaudAoa)",DRAMP-Stability,1
GGNNCIVRFDCWTNIQ,ShuffleNeg_46,Synthetic,0
LGIGVIIHPNTYNINIDMEAVVLDVQDQGQRRMIIDKY,ShuffleNeg_6,Synthetic,0
KVHVDPIHSRQLIEVMWKVNSAHRYVLNTINMCGCCQP,ShuffleNeg_10,Synthetic,0
NKFMVQTTKGCWELSK,ShuffleNeg_36,Synthetic,0
FLQHIIGALGHLF,Temporin-GHa,DRAMP-Stability,1
RFGRFLRKIRRFRPK,Cyclic-CATH-2(C1-15),DRAMP-Stability,1
CNITFHTSGFYKF,ShuffleNeg_41,Synthetic,0
CRRWQWRC,Lfc6,DRAMP-Stability,1
GLFDIIKKIAESA,Aurein-1.2 [F13A],DRAMP-Stability,1
TTWEAWDRAIAEYAARIEALIRAAQELQEKLEAALREL,T-267228,DRAMP-Stability,1
RRWQWRMKKLG,Lfc7,DRAMP-Stability,1
TTWEAWDRAIAEYAARIEALLRALQEQQEKNEAALREL,TRI-1144,DRAMP-Stability,1
GIAQMYNQNGHSMACLDHDWNRWFYSEHIGPSDYDEFY,ShuffleNeg_34,Synthetic,0
QFPCYCKMK,ShuffleNeg_43,Synthetic,0
FAKCRMGCYRDPYYPEWEHQMEKEWDLPVNVPYFNKRQ,ShuffleNeg_21,Synthetic,0
ASEKRVMEMETIY,ShuffleNeg_33,Synthetic,0
GCGNDH,ShuffleNeg_29,Synthetic,0
TTWEAWDRAIAEYAARIEALIRALQELQEKNEAILREL,T-290821,DRAMP-Stability,1
HDDPPGGMSYAGY,ShuffleNeg_7,Synthetic,0
TTPMRNAQGDRCFWPMWCMRA,ShuffleNeg_18,Synthetic,0
TTWEAWDRAIAEYAARIEALIRALQEQQEKNEAALREL,T-267221,DRAMP-Stability,1
QHQVANHSYMPWW,ShuffleNeg_39,Synthetic,0
GLFDIIKKIAEAF,Aurein-1.2 [S12A],DRAMP-Stability,1
SEFKISEGMKGIELFMDSKYLTWDCAGNMYDHKFRNDF,ShuffleNeg_49,Synthetic,0
