Peptide,AMP_Score,Toxicity_Score,Stability_Score,Solubility_Score,Aggregation_Risk,Isoelectric_Point,Boman_Index,Net_Charge,Hydrophobicity,Solubility_Tag,Aggregation_Tag,Fitness_Score,Realism_Score,Quality_Tag,Generation,Timestamp
NHQETARAASAAARILKKIQIKKKW,0.9957443,0.027112715,0.8748886,1.0,0.3,7.6,0.1871999999999999,7,0.44,✅ Soluble,✅ Safe,1.0,1.0,✅ Good,392,2025-05-10T04:09:51Z
TRTFSASAASAAKRWIKKIALRKRI,0.9916956,0.028350664,0.9006814,1.0,0.0,7.4,0.2368,8,0.48,✅ Soluble,✅ Safe,1.0,1.0,✅ Good,1260,2025-05-10T10:39:18Z
SSTTELLAKIAAKKIIRRIARRFFS,0.9992456,0.028713701,0.8977132,1.0,0.3,7.8,0.2412,6,0.48,✅ Soluble,✅ Safe,1.0,1.0,✅ Good,1546,2025-05-07T11:28:20Z
TSSTEIAAKRILKKWIKKIAKRLIS,0.996151,0.030481396,0.909533,1.0,0.0,7.6,0.2268,7,0.44,✅ Soluble,✅ Safe,1.0,1.0,✅ Good,3309,2025-05-08T01:43:42Z
TSQQEAFARIAIRRYLKKWARRALS,0.99010575,0.01655844,0.8858005,1.0,0.0,7.8,0.2544,6,0.48,✅ Soluble,✅ Safe,1.0,1.0,✅ Good,1546,2025-05-07T11:28:20Z
QSQQEAAIRAILKRLIRKIFRRKAQ,0.998448,0.022870347,0.8934357,1.0,0.0,7.6,0.2036,7,0.44,✅ Soluble,✅ Safe,1.0,1.0,✅ Good,3309,2025-05-08T01:43:42Z
TTQQEALARAIFRRLARKAARRFAS,0.99274504,0.023207506,0.89338404,1.0,0.0,7.8,0.2212,6,0.48,✅ Soluble,✅ Safe,1.0,1.0,✅ Good,1546,2025-05-07T11:28:20Z
SKNAQLQALQALKRLIRKIAARRFY,0.9994298,0.01699712,0.89315695,0.8800000000000001,0.0,7.6,0.2468,7,0.52,✅ Soluble,✅ Safe,1.0,1.0,✅ Good,1260,2025-05-10T10:39:18Z
TQQQEIAARIAIRRIIHRAARRWLS,0.99703526,0.03332966,0.90729535,1.0,0.3,7.8,0.2352,6,0.48,✅ Soluble,✅ Safe,1.0,1.0,✅ Good,1545,2025-05-07T11:27:57Z
NTSQEALAELAARKAIRRWAKRIKT,0.9938952,0.014586717,0.89282084,1.0,0.0,8.0,0.2052,5,0.44,✅ Soluble,✅ Safe,1.0,1.0,✅ Good,1545,2025-05-07T11:27:57Z
TQNQEALARAIARKILHKIFRKWLS,0.99972683,0.025427178,0.8800162,1.0,0.0,7.8,0.2488,6,0.48,✅ Soluble,✅ Safe,1.0,1.0,✅ Good,1545,2025-05-07T11:27:57Z
TNSQEALARLWIRRIAKHFAKKRFT,0.99719864,0.020810675,0.860715,1.0,0.0,7.6,0.25,7,0.44,✅ Soluble,✅ Safe,1.0,1.0,✅ Good,1546,2025-05-07T11:28:20Z
QSQQEAAIKKFAKRLIRKIFRKKAQ,0.9983559,0.03156019,0.8950637,1.0,0.0,7.4,0.1776,8,0.4,✅ Soluble,✅ Safe,1.0,1.0,✅ Good,3309,2025-05-08T01:43:42Z
TNSQEALARYAARRALRKIARKWLQ,0.9990899,0.037329216,0.8909984,1.0,0.0,7.8,0.2416,6,0.48,✅ Soluble,✅ Safe,1.0,1.0,✅ Good,1545,2025-05-07T11:27:57Z
NNQQEAFARAIARKILKKIWRKVLT,0.99901795,0.027959855,0.8562671,1.0,0.0,7.8,0.2304,6,0.48,✅ Soluble,✅ Safe,1.0,1.0,✅ Good,1545,2025-05-07T11:27:57Z
QKTASATAANWLAHIARRIAAKRYL,0.97126275,0.02188639,0.8765459,0.8800000000000001,0.4,7.8,0.246,6,0.56,✅ Soluble,✅ Safe,1.0,1.0,❌ Needs Review,1260,2025-05-10T10:39:18Z
NSTSELAAKRWLRRIIKKIIRRVAQ,0.99897045,0.03370914,0.8562513,1.0,0.3,7.6,0.2376,7,0.44,✅ Soluble,✅ Safe,1.0,1.0,✅ Good,3309,2025-05-08T01:43:42Z
TNSQEIAARAALRKFYKKIAHKIKT,0.99107623,0.029442802,0.876662,1.0,0.0,7.6,0.1951999999999999,7,0.44,✅ Soluble,✅ Safe,1.0,1.0,✅ Good,1545,2025-05-07T11:27:57Z
TTQQEAIARAIIKKIARRWLRKFAS,0.99822944,0.0338684,0.9190014,1.0,0.0,7.8,0.2304,6,0.48,✅ Soluble,✅ Safe,1.0,1.0,✅ Good,1545,2025-05-07T11:27:57Z
QTTSEALAKIAVKRLIRRIARRAAS,0.99527884,0.03673272,0.90597063,1.0,0.0,7.8,0.2056,6,0.48,✅ Soluble,✅ Safe,1.0,1.0,✅ Good,4795,2025-05-08T13:33:08Z
